ferfer;ferf;erferferf;eferfr;;;
ferfer;ferf;erferferf;eferfr;;;
ferfer;ferf;erferferf;eferfr;;;
ferfer;ferf;erferferf;eferfr;;;
ferfer;ferf;erferferf;eferfr;;;
ferfer;ferf;erferferf;eferfr;;;
ferfer;ferf;erferferf;eferfr;;;
ferfer;ferf;erferferf;eferfr;;;
ferfer;ferf;erferferf;eferfr;;;
ferfer;ferf;erferferf;eferfr;;;
ferfer;ferf;erferferf;eferfr;;;
ferfer;ferf;erferferf;eferfr;;;
ferfer;ferf;erferferf;eferfr;;;
ferfer;ferf;erferferf;eferfr;;;
ferfer;ferf;erferferf;eferfr;;;
ferfer;ferf;erferferf;eferfr;;;
ferfer;ferf;erferferf;eferfr;;;
ferfer;ferf;erferferf;eferfr;;;
ferfer;ferf;erferferf;eferfr;;;
ferfer;ferf;erferferf;eferfr;;;
